,text
0,Яблонный сад
1,Я хочу быть с тобой
2,Я хочу быть с тобой
3,Я тебя люблю
4,Я так хочу...
5,Я так хочу...
6,Я ничего не могу с собою сделать
7,я ненавижу дрейн
8,Я Не Коммунист
9,Я и твой кот
10,Я з україни
11,Я видел сон
12,Я бью женщин и детей
13,Я
14,Этот мир
15,Это пройдёт
16,Электрический ток
17,Щедрик
18,Шугейз-принцесса
19,Штиль
20,Что такое осень
21,Что Мы Творим
22,Човен
23,Чио-Чио-Сан
24,Черный октябрь
25,Чёрное знамя
26,Чёрно-белые дни
27,Чай под печаль
28,Цусима
29,"Хто, як не ти?"
30,Хочу перемен
31,Холодно
32,Холодні очі
33,Холодні зірки
34,Ходынка
35,Хару мамбуру
36,Халхин - Гол
37,Фотограф (feat. Superkomfort)
38,фотограф
39,форева
40,Фильмы
41,Фильмы
42,Философский камень
43,Феллини (feat. Би-2)
44,Феллини
45,Фейерверк
46,Фантом (Live)
47,Фанк
48,Утро
49,Утро
50,Утонуть / Utonut'
51,Улыбайся
52,Увидел другой
53,Убегай
54,ты слушаешь joy division
55,Ты Неси Меня Река
56,Ты не такая
57,Ты не верь слезам
58,Ты и твоя тень
59,Тут було місто
60,Троллейбус
61,Тримай
62,Тримай
63,Тривога
64,Три хвилини
65,Тоска
66,Тонкая нить
67,То є Львів
68,Ти зі мною (Я здаюсь!)
69,Ти б не повірила
70,Тени от пальм
71,Тебя нет
72,твои волшебные мечты
73,Твоего балкона свет
74,Тараканы (Remix)
75,Танцы
76,Танці (feat. Sad Novelist)
77,Танець пінгвіна
78,"Там, де нас нема"
79,"Така, як ти"
80,Так хочу
81,Так гріє
82,Тайна
83,Тает лёд
84,Сука війна!
85,Судно (Борис Рижий)
86,"Стук ""Одно лишь слово"""
87,Стріляй
88,Старое кино
89,Старі фотографії (A.Muzon Remix)
90,Старая магнитола
91,Спокойная ночь
92,спелая вишня
93,Спектакль окончен
94,Сонник
95,Сон Вещий
96,Солнце
97,Солдатами не рождаются
98,Солдат
99,Сокол
100,Советская
101,Снова привет (feat. Марний)
102,Снова парк
103,Снова
104,Сни
105,Смута
106,Сломаю стену
107,Следы на снегу
108,Скованные одной цепью
109,Сказочная тайга
110,Скажи мне кто ты
111,Силуети
112,Сибириада
113,Сибириада
114,Сибириада
115,Сибириада
116,Сёрф
117,Серёжа
118,Середина грустных лет
119,Серебро
120,Селигер
121,Секрет
122,Секонд-хэнд
123,Сейчас
124,Сега – винтовар
125,Сгорел
126,Свой дом
127,Светомузыка
128,Сан-Франциско
129,Самый дорогой человек
130,Самый Грустный
131,Самые грустные песни
132,Рустем
133,Русское Поле Экпериментов
134,Русский рок
135,Русский Мат
136,Русская принцесса
137,Рукописи не горят
138,Рубці
139,"Родина, вернись домой."
140,Рига-2015
141,Решится само собой
142,Рельсы
143,Рассматривая звёзды
144,Распутин
145,Районы-кварталы
146,Радио волн
147,Пусть поет оружие
148,Пульс
149,Птахи
150,Птаха На Ймення Nachtigall
151,Прощатися
152,Прощавай (feat. Kuaskio)
153,Просвет
154,Пролетариат
155,Прогноз
156,Прованс
157,Поход (Из кинофильма Сибириада)
158,Последний танец
159,Последний герой
160,Последнее лето
161,Пора домой (2017)
162,Пора возвращаться домой (feat. Oxxxymiron)
163,Полон
164,Полковнику никто не пишет
165,Погасли свечи
166,Погасли свечи
167,Пластмассовая жизнь
168,Пластинки
169,підліткове
170,Петропавловск
171,Песня красноармейца
172,Песня для девочек
173,Песнь пустыни
174,Персонажі
175,Перечекаю молодість
176,Переродження
177,Передозировка газировкой
178,Переваги Окупаційного Режиму
179,Первый снег
180,Первоцвет
181,Первомай
182,Пепел
183,Пачка сигарет
184,Пароль
185,Париж(дай мені вогню)
186,Пам'ятаю
187,П'ю з твоїх долонь
188,Отношения = говно
189,Отель Кооператор
190,Ответ
191,Остров
192,осознание
193,Осінь
194,осень
195,Опоздал
196,Опиум для никого
197,"Операция ""Cоюзная сила"""
198,Они ушли
199,Он постоянно
200,окремо від тіла
201,Общество «Память»
202,Обійми
203,Ночь
204,Ночное рандеву
205,Ночное рандеву
206,Нон стоп
207,Ніч
208,Ніде
209,Нечего ждать
210,Невесёлая песня
211,Небоскрёбы
212,Небо славян
213,Небо
214,Небо
215,Небеса и Ад (Heaven and Hell)
216,Не твоя війна
217,Не йди
218,Не для меня
219,Не для меня
220,Не віталік
221,Не відпускай (Акустична версія)
222,Не відпускай
223,Наши юные смешные голоса
224,Наши дни
225,Наше лето
226,Натаха
227,Нарцисс
228,Нам остается лишь ждать
229,навсегда
230,Наваждение
231,На Моем Велосипеде
232,На Моей Луне
233,На Заре (Milennium Version)
234,На Заре (Milennium Version)
235,На Дне
236,На rлубине
237,Мяу
238,Мясо
239,Мясной бор
240,Мы штурмуем небеса
241,Мы идём в тишине
242,Мы идём в тишине
243,Мы идём в тишине
244,Мы идем в тишине
245,Мы
246,Мы
247,Музыка вечер
248,Моя Оборона
249,Моя любовь на пятом этаже
250,Моя империя
251,Моя звезда
252,Москва — Стерлитамак
253,Москва
254,Море (Най цілий світ пропаде)
255,море
256,Молодість
257,Мой вейп
258,Моё сердце
259,Місто Марії
260,Мікрорайон
261,Мить
262,Мир не видит твоей простоты
263,"Минає день, минає ніч"
264,Ми Так Жили Немов Співали Джаз...
265,Ми помрем не в Парижі (feat. Каша Сальцова)
266,Ми помрем не в Парижі
267,Меч Арея
268,Метеорит
269,Мертвые Дельфины
270,Мертвое время
271,Мене вже немає
272,Марш Артилеріі
273,Маншигвери
274,"Мама, мы все тяжело больны"
275,Мама-анархия
276,мальчик
277,Магазины
278,Люди-инвалиды
279,Люди Надоели
280,Люди
281,Любочка
282,ЛУНА (feat. Хаски)
283,Лузер
284,Лошади
285,"Лондон, гуд бай"
286,Літо
287,Ліра
288,Лишь однажды
289,Листопад (feat. Юрій Гуржи)
290,Линия жизни
291,Лётчик
292,Лето
293,Лето
294,Лена
295,Лёд под ногами майора
296,Легион
297,курение убивает
298,Культ тела
299,Кукушка
300,Куда зачем (feat. Дмитрий Гудничев)
301,Кто ты
302,"Кто сказал, что так думать неправильно?"
303,Крыши
304,Крошка моя
305,Кровь
306,Кремация
307,Краткий миг
308,Красно-жёлтые дни
309,Корабль
310,Концерт
311,Кому-то в мире весело
312,Компромисс
313,Комната
314,Комендантский час
315,Командор
316,Кольщик
317,Коли тебе нема
318,когда?
319,Когда твоя девушка больна
320,Коалы
321,Клише
322,Клетка
323,Кис кис кис
324,Кино
325,Кино
326,кино
327,Квіти мінних зон
328,Квіти
329,Квітень V.2
330,Квітень
331,Катафалка
332,Касета
333,Карфаген
334,Каменное сердце
335,Как тебя покорить
336,Как на войне
337,Кайен
338,Каждый раз
339,Кавачай
340,К морю
341,Искупление Огнем
342,ИСКАЛА
343,Искал тебя
344,Издалека
345,Идем на восток!
346,Зродились ми великої години
347,Зло
348,Зеленоглазое Такси
349,Здравствуй
350,Звук и темнота
351,Зверь
352,Звезды / Zvezdy
353,Звезды
354,Звезда по имени Солнце
355,Звезда по имени Солнце
356,Запомню
357,"Закрой за мной дверь, я ухожу"
358,Задание
359,Жизнь за царя
360,Ждать Весны
361,Ещё не вечер
362,Ермак
363,Емігрант
364,Електричка
365,Експеримент
366,Дым и зеркала
367,Души Стареют Быстрее Тел
368,Думаешь ты
369,Дранк
370,Долг и право
371,Дневник Нелюбимой
372,Дискотека / Discoteque
373,Дискотека
374,Дешёвые драмы
375,Дельфіни
376,Дела
377,Девочка-нацболка (feat. babymurderr)
378,Дворы
379,Двоє
380,Две недели до
381,Два корабля
382,Далеко бежит дорога (Мы идём в тишине) [Live]
383,Далеко бежит дорога (Впереди веселья много)
384,Далеко бежит дорога (Впереди веселья много)
385,Давай втечемо
386,Группа крови
387,Грохот Сердца
388,Горю
389,горю
390,Горький опыт
391,Город устал
392,гори гори гори
393,Годинник (feat. Олег Комлач)
394,Годинник
395,Говорит Москва
396,Говорит Москва
397,Глупые белые люди
398,Гвардия Петра
399,Гангут
400,Выхода нет
401,Высота 776
402,Выпьем За Любовь
403,Встречная
404,Всё решено
405,Всё Идёт По Плану (Live)
406,Все идет по плану (Live)
407,Всё Идёт по Плану
408,Все закончится
409,Всё было так
410,Восьмиклассница
411,Восемь
412,Волны
413,Волки
414,Война
415,Война
416,Возможно
417,Вогні
418,Владимирский Централ
419,Владивосток 2000
420,Віра
421,Вінні-Пух
422,Вільний
423,Вільний
424,Війна закінчиться
425,витебск-таллин
426,Висели вместе
427,Винтовка - это праздник
428,Винтовка
429,Видели ночь
430,Вже Не Сам
431,Вечір в Ріо (feat. O.Torvald)
432,Весняна
433,Верь мне
434,Вершки и корешки
435,Вдома Не Буду (feat. Стул Сталина)
436,Варвара
437,В'язниця з видом на вулицю
438,В хаті моїй дідько
439,В сумерках
440,В наших глазах
441,Будемо днями
442,Бородинское сражение
443,Больше нет
444,Бойцы тяжелого металла
445,Бой продолжается
446,Божевілля Дв0х
447,Битва За Москву
448,Бий - бий
449,Беспечный ангел
450,Берег
451,Белые стены
452,Белая ночь
453,Белая Лилия
454,Безодня
455,Без конкретики
456,Без бою
457,Басы долбят
458,Банзай
459,Банды
460,Атака русских мертвецов
461,Алюминиевые огурцы
462,Альтернатива
463,Алкоголь мой враг
464,Автор (feat. Povod)
465,Абонент
466,А я
467,А пам'ятаєш (RMX)
468,А ми у двох
469,2000 Light Years Away
470,1979
471,1979
472,1905
473,1100
474,1000 Hours
475,747 (We Ran Out of Time)
476,100 Years On
477,99 Revolutions
478,99 Red Balloons (Club MIx)
479,99 Luftballons
480,92
481,90
482,86
483,80
484,52 Seconds
485,45 Лет
486,45 Revolutions Per Minute
487,45
488,21st Century Breakdown (Live)
489,21st Century Breakdown
490,21st Century (Digital Boy)
491,21st Century (Digital Boy)
492,21 Guns (Live)
493,21 Guns
494,21 Guns
495,19th Nervous Breakdown (Mono)
496,19
497,12:34
498,8th Avenue Serenade
499,3's & 7's
500,"3,000 Miles"
501,2nd Street
502,The 2nd Law: Unsustainable
503,The 2nd Law: Isolated System
504,2 Minutes To Midnight
505,2 + 2 = 5
506,1 2 X U (2006 Remastered Version)
507,[JFK]
508,(If You're Wondering If I Want You To) I Want You To
509,(I Just) Died in Your Arms
510,(I Can't Get No) Satisfaction (Mono)
511,(I Can't Get No) Satisfaction
512,(Ghost) Riders In the Sky
513,(Don't Fear) The Reaper
514,(Can't Get My) Head Around You
515,"""Heroes"""
516,"""40"""
517,...To Be Loved
518,¿Viva la Gloria? (Little Girl)
519,¡Viva la Gloria! (Live)
520,¡Viva la Gloria!
521,"¡Ay, Carmela!"
522,Żywe Tarcze
523,Zorki
524,Zombie Bastards
525,Zombie
526,ZITTI E BUONI
527,The Zephyr Song
528,Zawisza Czarny
529,Zaślubieni (Miłość i wojna cz. 1)
530,Your Woman
531,Your Song
532,Youngblood
533,Young Lust
534,Young Lovers
535,Young for Eternity
536,You're the Reason I'm Leaving
537,"You're Gonna Go Far, Kid"
538,You with Me
539,You Really Got Me
540,You Never Know
541,You Make Me Feel Like It’s Halloween
542,You Know You're Right
543,You Know My Name
544,You Know Me Too Well
545,You Don't Know Love
546,You Can't Get Away!
547,You Are the Dawn
548,You Are (The Government)
549,You and Whose Army?
550,You
551,Yesterday
552,Yellow Submarine
553,Yellow Ledbetter
554,Yellow House
555,Xmas Time of the Year
556,X-Kid
557,Writing's On the Wall
558,Wow! That's Loud
559,Would?
560,Worry Rock
561,World In Motion
562,Words I Might Have Ate
563,Wonderwall (Remastered)
564,Wonderful Life
565,Wonderful Life
566,Won’t Stand Down
567,Won't Somebody (Acoustic)
568,Won't Somebody
569,Woman
570,Wołyń 1943
571,Without You
572,With You
573,With or Without You
574,With Me
575,With Every Step
576,Wish You Were Here
577,Wish You Were Here
578,The Winner Takes It All
579,Wings of a Butterfly
580,Wind of Change (Re-Recorded)
581,Wind of Change
582,Will Of The People
583,Wild One
584,Wild Flowers
585,Wide Open
586,Wicked Moments
587,Wicked Game
588,Why'd You Only Call Me When You're High?
589,Why Don't You Get a Job
590,Who's Got a Match?
591,Who Wrote Holden Caulfield? (Live)
592,Who Wrote Holden Caulfield?
593,Who Wants To Live Forever
594,Who Only Europe Know (Live)
595,Who Is She?
596,Who Is She X the Perfect Girl (Remix)
597,White Riot (Remastered)
598,White Flag for Peace
599,Whistle For The Choir
600,Whiskey In the Jar
601,Whiskey in the Jar
602,Where Is My Mind?
603,When You're Young and In Love
604,When You Were Young
605,When You Know
606,When We Rule the World
607,When We Rule the World
608,When the Smoke Is Going Down (2015 - Remaster)
609,When I Come Around (Live)
610,When I Come Around
611,When Da Dawgs Come Out To Play (feat. Masta Kent & Bullet Rhymes)
612,Whatsername
613,Whatsername
614,What's Left of the Flag
615,What It Is
616,What I Got
617,What Do You Need?
618,What a Scene
619,"What A Life (From the Motion Picture ""Another Round"")"
620,Wet Sand
621,Westbound Sign
622,Wellwell
623,Welcome to the Jungle
624,Welcome to the DCC
625,Welcome to the Black Parade
626,Welcome to Paradise
627,Welcome to Paradise
628,Weird Fishes / Arpeggi
629,We're Not Gonna Take It
630,We're No Here
631,We're All to Blame
632,We're a Happy Family
633,We Will Rock You
634,We Might Fall Apart
635,We Fell in Love in October
636,We Drink Your Blood
637,We Care a Lot
638,We Are Young (feat. Janelle Monáe) [Acoustic]
639,We Are the Champions
640,We Are Fucking F****d
641,We Are All Made of Stars
642,We Amplify
643,The Way You Used To Do
644,The Way It Was
645,Waterloo
646,Waterfront (Remastered)
647,Waterfall (Remastered)
648,Wasted Time
649,Wart Hog
650,Warning
651,War of Change
652,War Is Over
653,War
654,War
655,Want You Bad
656,Wall of Glass
657,Walking Disaster
658,Walking Contradiction
659,Walking Alone
660,Walk Of Life (Remastered 1996)
661,Walk Away
662,Walk Away
663,Wake Up Call
664,Wake the Dogs
665,Wake Me Up When September Ends (Live)
666,Wake Me Up When September Ends
667,Wake Me Up When September Ends
668,Waiting for the Worms
669,Waiting
670,W Marszu I W Boju
671,Vse Vkusno
672,Voyage voyage
673,Voulez-Vous
674,Vois sur ton chemin (Techno Mix)
675,Voices
676,Viva La Vida
677,Violent End
678,The Violence
679,Viking Death March
680,Victoria
681,Victoria
682,Vicinity Of Obscenity
683,Very Ape
684,Verona
685,Vera
686,Venger (feat. Greta Link)
687,Vélomoteur
688,Vapaus saa odottaa
689,Vampire Heart
690,Valasy
691,Uropia O Morte (Live)
692,Uptight
693,Uprising
694,"Up, Up, Up"
695,Unperson
696,Unintended
697,The Unforgiven II
698,The Unforgiven
699,Undone - The Sweater Song
700,Undisclosed Desires
701,Underdog
702,Underclass Hero
703,Under Your Spell
704,Under Your Scars
705,Under the Bridge
706,Under Pressure (feat. David Bowie)
707,Un Giorno Così
708,Un autre monde
709,Uber Capitalist Death Trade
710,Two Hearts Beat As One
711,Twist and Shout
712,Twenty Four Hours (Live)
713,Twenty Four Hours
714,Turn Me Loose
715,Tucked Away
716,Tubthumping
717,Tu vuò fà l'americano
718,Try Honesty
719,Truth Is a Whisper
720,True North
721,True Love Waits
722,Troublemaker
723,Troubled Times
724,Trouble Breathing
725,The Trooper
726,The Trooper
727,Trip Switch
728,The Trial
729,Travellin' In the Dark (To E.M.P.) [Live]
730,Travellin' In the Dark (To E.M.P.)
731,Transmission
732,Toxicity
733,Tous les garçons et les filles (Slow)
734,Tourette's
735,Totally Wired
736,Toss a Coin to Your Witcher (feat. Black Gryph0n) [Cover]
737,Torna a casa
738,Torna a casa
739,Too Much Too Soon (Bonus Track)
740,Too Much Feeling
741,Too Dumb to Die
742,"Tonight, Tonight"
743,Tomorrow Is Closed
744,Tomorrow (Remastered)
745,"Tom's Diner (feat. Suzanne Vega) [7"" Version]"
746,Told You So
747,Today We Heard the News
748,Today
749,To the World
750,Tired of Sex
751,Tired Angels (To J.M.H.)
752,The Tipping Point
753,Time to Waste
754,Time Is Running Out
755,Time in a Bottle
756,Time & Place
757,Time
758,Tightrope 2020
759,Tight Wad Hill
760,The Tide Is High (Remastered 2001)
761,Thunderstruck
762,Thunderstruck
763,Thunder Road
764,Thunder
765,Thought Contagion
766,Thorn In My Side
767,Thistle & Weeds
768,This Suffering
769,This Is War
770,This Is the Life
771,This Is the End (For You My Friend)
772,This Is My Head Exploding
773,This Is More Like You
774,This Is Mine
775,This Is How It Goes
776,This Is How I Disappear
777,This Charming Man
778,Think About Me
779,The Thin Ice
780,These Days (Live)
781,These Days
782,There Is a Light That Never Goes Out
783,Thème de la Leçon Particulière (Break Beat Version)
784,Them Bones
785,Thank You for the Music
786,Territorial Pissings
787,Terrible Things
788,Terrible Love
789,Tenebre Rosso Sangue (ULTRAKILL) (Original Game Soundtrack)
790,Ten Storey Love Song
791,Teenagers
792,Teenage Lobotomy
793,Tdme
794,"Tchaikovsky: 1812 Ouverture, Op. 49 Solennelle"
795,Taxi Driver
796,Tämän Kylän Poikii
797,Take the Money and Crawl
798,Take or Leave It
799,Take on Me
800,Take Me Out
801,"Take Me Home, Country Roads (Original Version)"
802,Take Back
803,Take a Look Around
804,Take a Chance On Me
805,Take a Bow
806,The System Only Dreams in Total Darkness
807,System Error
808,Sympathy for the Devil
809,Sympathy
810,Swing Lynn
811,Swing Life Away
812,Sweetness
813,Sweet Dreams (Are Made of This)
814,Sweet Dreams
815,Sweet Children
816,Sweet 16
817,Swap Meet
818,Survivor Guilt
819,Survival
820,Surrender
821,Surrender
822,Surprise Surprise
823,Sur la planche 2013
824,Supremacy
825,Supersonic (Remastered)
826,Supermassive Black Hole
827,Supergirl
828,Superblood Wolfmoon
829,Superbitch
830,Super Trouper
831,Sunglasses at Night
832,Sunday Bloody Sunday
833,Sunday
834,Sunburn
835,Summer Sickness
836,Summer Sickness
837,Summer In the City
838,Sultans Of Swing
839,Sultans of Swing
840,Sugar Youth
841,Sugar Sugar
842,Suffer
843,Submission Complete
844,Subliminal
845,Stupid Kid
846,Stuck with Me
847,Stuck In the Middle With You
848,Stuart and the Ave.
849,Struggle
850,Struggle
851,Stressed Out
852,Streets of Philadelphia (Single Edit)
853,Street Spirit (Fade Out)
854,Stray Heart
855,Strangers In The Night (2008 Remastered)
856,Strangeland
857,Stop When the Red Lights Flash
858,Stop
859,Stolen Dance
860,Stockholm Syndrome
861,Still Waiting
862,Still Loving You (Re-Recorded)
863,Still Counting
864,Still Breathing
865,Stay the Night
866,Stay Away
867,The Static Age
868,Stary Wiarus
869,Starman (2012 Remaster)
870,Starlight
871,Stare at the Sun
872,Stairway to Heaven
873,Stacy's Mom
874,Stab You In the Heart
875,St. Jimmy
876,St. Anger
877,SPIT IN MY FACE!
878,special
879,Spanish Lady
880,Spaceman
881,Space Oddity
882,Space Dementia
883,The Sound of Silence
884,Soul Surrender
885,Sos!
886,SOS
887,Sorry About That
888,Sorry (Acoustic)
889,Sorry
890,Sorrow (Acoustic)
891,Sophie
892,Sono bugiarda (I'm A Believer)
893,Sonne
894,Song of the Century
895,Song 2 (2012 Remaster)
896,Song #3
897,A Song
898,Somewhere Only We Know
899,Somewhere Now
900,Somewhere
901,Sometimes I Feel Like Screaming
902,Something In the Way
903,Something Better
904,Someone to Believe
905,Somebody Told Me
906,Somebody Told Me
907,Somebody to Shove (2022 Remaster)
908,Some of Adam's Blues
909,Some Nights
910,Sober
911,A Soalin'
912,So Long (feat. Frank Turner)
913,So Far Away
914,So Cold
915,Snow (Hey Oh)
916,Smooth Sailing
917,Smooth Criminal
918,Smokestack
919,Smokers Outside the Hospital Doors
920,Smoke On the Water
921,Smile Like You Mean It
922,Smells Like Teen Spirit
923,Smells Like Teen Spirit
924,Smells Like Nirvana
925,Smash
926,Slumber
927,Słowiańska Armia Pracy
928,Sliver
929,Slide
930,Sleep
931,Śląski Rycerz
932,Skyscraper (Acoustic)
933,Sky Is Over
934,A Sky Full of Stars
935,Skrzydła Chwały
936,Skinny Love
937,Sk8er Boi
938,Six Days (feat. Mos Def) [Remix]
939,Sirens
940,Since You Been Gone
941,Silence
942,Sifting
943,Sierp I Młot
944,Siberiada
945,Showbiz
946,The Show Must Go On
947,The Show Must Go On
948,Show Me How to Live
949,Should I Stay or Should I Go
950,Shot At the Night
951,Shot
952,Short Change Hero
953,Shoplifter (Bonus Track)
954,The Shooting
955,Sheena Is a Punk Rocker
956,She's Lost Control
957,She's a Rebel
958,She Sun
959,She Loves Me Not
960,She Loves Me Not
961,She Bangs the Drums (Remastered)
962,She (Live)
963,She
964,The Sharpest Lives
965,Shape of My Heart
966,Shadowplay
967,Shadowplay
968,"Sex, Drugs & Violence"
969,Seven Nation Army
970,Seven Nation Army
971,Seven Drunken Nights
972,Serve the Servants
973,Sen Powstańca
974,Semi-Charmed Life
975,Selling the Drama
976,Self Esteem
977,Self Control
978,Seeing Double At the Triple Rock
979,See You Tonight
980,See the Light
981,Seconds
982,Second Soul
983,Seasons in the Sun
984,Seal the Deal
985,Sea of Love
986,Scrutiny
987,Scotty Doesn't Know
988,Scoff
989,School's Out
990,School
991,Scentless Apprentice
992,Scattered
993,Scars
994,Say It Ain't So (Remix)
995,Say It Ain't So
996,Say Goodbye
997,Savior
998,Save Your Tears
999,Save Me
1000,Sauvages et candides
1001,Saturday Superhouse
1002,Satellite
1003,Sassafras Roots
1004,Sarà Perché Ti Amo
1005,Sappy
1006,Santeria
1007,Sam's Town
1008,The Saints Are Coming
1009,Sail to the Moon
1010,"The Saga Begins (Lyrical Adaption of ""American Pie"")"
1011,Sadie
1012,Sad But True
1013,Saari
1014,Rusty James
1015,Rusted from the Rain
1016,Rusted from the Rain
1017,Russians
1018,Running Up That Hill (A Deal With God) (2018 Remaster)
1019,Running Up That Hill
1020,Runnin' Across the Tracks
1021,Runaways
1022,Runaway Train (2022 Remaster)
1023,Runaway
1024,Run to the Water
1025,Run to the Hills
1026,Run Like Hell
1027,Run for Cover
1028,Rule Britannia!
1029,Ruby
1030,Roxanne
1031,Round Here
1032,Rose Tattoo
1033,Rooster
1034,Rollin' (Air Raid Vehicle)
1035,Rój
1036,The Rocky Road To Dublin
1037,Rocket Man (I Think It's Going To Be A Long Long Time) [Remastered]
1038,Rockaway Beach
1039,Rock the Night
1040,Rock the Casbah
1041,Rock & Roll Queen (Radio Edit)
1042,Rock 'N' Roll High School
1043,"The Road to Hell, Pt. 2"
1044,"The Road to Hell, Pt. 1"
1045,The River
1046,The Rising of the Moon
1047,Riot
1048,Right Here Right Now (Single Version)
1049,Riders On the Storm
1050,Rhythm Is a Dancer
1051,Revolution Radio
1052,Revolution
1053,Revolution
1054,Reuters (2006 Remastered Version)
1055,Return to Russia — but in verse
1056,Retrograde
1057,Restless Heart Syndrome
1058,Resistance
1059,Requiem for Dissent
1060,Remedy
1061,Release the Pressure
1062,Reject
1063,"Reise, Reise"
1064,The Refugee
1065,Reduta Ordona
1066,Redundant
1067,Redemption Song
1068,Red Light
1069,Red Flag
1070,The Reason
1071,Reapers
1072,Real Love Song
1073,A Real Hero
1074,Read My Mind
1075,"Reach Out, I'll Be There"
1076,Re-Education (Through Labor)
1077,The Razors Edge
1078,Rape Me
1079,Rape Me
1080,Ragazzi Di Buda
1081,Radio Violence
1082,Radio Nowhere
1083,Radio Ga Ga
1084,Radio Friendly Unit Shifter
1085,Radio
1086,Radio
1087,The Racing Rats
1088,R.I.P. (Millie)
1089,"A Quick One, While He's Away"
1090,A Quick One While He's Away (Bonus Track)
1091,The Queen Is Dead
1092,Pyramid Song
1093,Pussy Power
1094,Punk Rock Song
1095,Pulling Teeth
1096,Psycho Dreams
1097,Psycho
1098,Przeżyjemy
1099,Proud Mary (1993 Version)
1100,Protector
1101,Prosthetic Head
1102,Promises
1103,Prodigal Son
1104,Private Eye
1105,Private Ale
1106,Princes of the Universe
1107,Primary
1108,The Price
1109,"Pretty Vacant (Denmark Street Demo, July 1976)"
1110,"Pretty Fly for a Rabbi [Parody of ""Pretty Fly (For a White Guy)"" By Offspring]"
1111,Pretty Fly (For a White Guy)
1112,The Press Corpse
1113,Present Tense
1114,Prayer Of The Refugee
1115,Prayer of the Refugee
1116,Prayer in C (Robin Schulz Radio Edit)
1117,Prayer In C
1118,Praise You
1119,Pop The Balloon
1120,Pompeii
1121,Polska Walcząca
1122,Polly (Smart Sessions)
1123,Poison
1124,Plug In Baby
1125,Please Please Please Let Me Get What I Want
1126,Platypus (I Hate You)
1127,Planet Zero
1128,Pins and Needles
1129,Pink Triangle
1130,Pink Triangle
1131,Pink Flag (2006 Remastered Version)
1132,Pinhead
1133,Pieces
1134,Piece By Piece
1135,"Piano Concerto No. 1 in B-Flat Minor, Op. 23: I. Allegro non troppo e molto maestoso (Excerpt)"
1136,Photograph
1137,Phobia
1138,Phat Planet
1139,Pet Sematary
1140,Personal Jesus
1141,The Perfect Girl
1142,Perfect
1143,People Are Strange
1144,Pennyroyal Tea (Scott Litt Remix)
1145,Pennyroyal Tea
1146,Pearls in Her Hair
1147,Peaches
1148,Peacemaker
1149,Peace of Mind
1150,Patience
1151,Past Lives
1152,Passover (Live)
1153,Passover
1154,The Passenger
1155,A Passage In Time
1156,Parnassus
1157,Paris
1158,Paranoid Android
1159,Paranoid (2012 - Remaster)
1160,Paranoid
1161,PARANOIA
1162,Parallel Universe
1163,Paradise City
1164,Papillon
1165,Papillion
1166,Paper Machete
1167,Paper Lanterns / 2000 Light Years Away (Live) [Bonus Track]
1168,Paper Lanterns
1169,Paper Cuts
1170,Panic Station
1171,Panic Song
1172,Panic
1173,"Paint it, Black (The Rolling Stones, Ukrainian cover) - Зафарбую чорним"
1174,Paint It Black
1175,Pain for Pleasure
1176,Oy Ty Moya Zemle
1177,Overdrive
1178,Overcome
1179,Overcome
1180,Over the Hills and Far Away
1181,Over the Hills and Far Away
1182,Over Seasons
1183,Over My Head (Better Off Dead)
1184,Over My Head
1185,Outsider
1186,Outside the Wall
1187,Outlaws
1188,Out of the Black
1189,Otherside
1190,ORP Sokół
1191,Orlęta Warszawy
1192,Original Prankster (feat. Redman)
1193,Ordinary World
1194,Open Up
1195,Only in Dreams
1196,One Way Track Kid
1197,One of Us
1198,One of My Turns
1199,One of My Lies
1200,One More Minute
1201,One Lion's Roar
1202,The One I Love
1203,One Hundred Years
1204,One for the Razorbacks
1205,One Fire
1206,One
1207,Once
1208,On a Plain
1209,Olen Kuullut Merestä
1210,"Oh, oh chéri"
1211,Oh Yeah!
1212,Oh Yeah
1213,Oh My God
1214,Oh Love
1215,Ode to Britannia
1216,Ocean of Night
1217,Nutshell
1218,"The Nutcracker, Op. 71: III. March (Tempo di marcia viva)"
1219,The Numbers
1220,Numb
1221,Nude
1222,Nuclear Family
1223,Nothing Matters
1224,Nothing Else Matters
1225,Nothing Else Matters
1226,"Nothing Compares 2 U (Live at SiriusXM, 2015)"
1227,Nookie
1228,None of the Above
1229,Nobody Praying for Me
1230,Nobody Home
1231,No Surprises
1232,No Pride
1233,No One Like You (Re-Recorded)
1234,No One Knows
1235,No One Knows
1236,"No Oath, No Spell"
1237,No Guts No Glory
1238,No Goodbyes
1239,No Future (aka 'God Save The Queen')
1240,No Fear
1241,No Excuses
1242,No Control
1243,Nightside of Siberia
1244,Nightlife
1245,Nightcall
1246,Nice Guys Finish Last
1247,Next to You
1248,New Year's Day
1249,New England (feat. Bob Vylan)
1250,New Divide
1251,New Dawn Fades
1252,New Dawn Fades
1253,New Dark Ages
1254,New Born
1255,Never Too Late
1256,Never Miss a Beat
1257,Negative Creep
1258,Nearly Forgot My Broken Heart
1259,Nantucket Sleighride (To Owen Coffin)
1260,The Name of the Game
1261,Name
1262,Na Na Na Na Naa
1263,Mykonos
1264,My Way (2008 Remastered)
1265,My Sanity
1266,My Name Is Jonas
1267,My Lady
1268,My Iron Lung
1269,My Heroine
1270,My God Is the Sun
1271,My Generation (Mono Version)
1272,My Generation
1273,My Funeral
1274,Mutter
1275,Muscle Museum
1276,Murder City
1277,Murder at the Arcade (feat. Tablation) [Instrumental]
1278,Murder
1279,Munich
1280,Mrs. Robinson
1281,Mr. Mustache
1282,Mr. Jones
1283,Mr. Brightside
1284,Mr. Blue Sky
1285,Mr. Blue Sky
1286,Movies
1287,Mountains
1288,Motorcycle Drive By
1289,Motorcycle Cop
1290,Motivation
1291,Motion Sickness
1292,Mother
1293,Mother
1294,More Than a Feeling
1295,Monster
1296,Moneytalks
1297,"Money, Money, Money"
1298,Money For Nothing (Edit)
1299,Money for Nothing
1300,Money
1301,"Monday, Monday (Single)"
1302,Molly's Lips (BBC John Peel Session 1990)
1303,Mój Hymn
1304,Modern Way
1305,Mistake
1306,Mistake
1307,Mississippi Queen
1308,Missing You
1309,Miss You
1310,Miss Murder
1311,Miss Atomic Bomb
1312,Misirlou
1313,Misery Business
1314,Misery (Single Version)
1315,Misery
1316,Miserable at Best
1317,The Miracle (Of Joey Ramone)
1318,Minority
1319,Minds Like Minefields
1320,Milk It
1321,Midlife Crisis
1322,The Middle (Acoustic Version)
1323,The Middle
1324,The Middle
1325,Mid-Range Jumper
1326,Mexican Radio
1327,Message In a Bottle
1328,Merry Xmas Everybody
1329,Mercy Me
1330,Mercy
1331,Memory Reboot
1332,Melt
1333,Mein Teil
1334,Mein Herz brennt
1335,Meet Me On the Roof
1336,A Means to an End (Live)
1337,A Means to an End
1338,Me! I Disconnect from You (1998 Remaster)
1339,Maybe I'll Catch Fire
1340,A Matter of Time
1341,Matkalla Etelään
1342,Master of Puppets
1343,Mary
1344,"Marsch der Zinnsoldaten aus ""Nußknackersuite"""
1345,Map of the Problematique
1346,Many of Horror
1347,Maneater
1348,Manchester
1349,The Man Who Sold the World (Live Acoustic)
1350,The Man Who Sold the World (Live Acoustic)
1351,Man starts with sorrow
1352,Man on the Moon
1353,Man in the Box
1354,The Man
1355,Mamma Mia
1356,Mama Said
1357,Mama
1358,Mały Powstaniec
1359,Makes No Difference (Alternate Version)
1360,Makeout Party
1361,Make Merry
1362,Make It Wit Chu
1363,Make It Stop (September's Children)
1364,Main Title
1365,Madness
1366,Madness
1367,Macy's Day Parade
1368,Machines
1369,Machine Gun
1370,M.O.R. (2012 Remaster)
1371,Lux Aeterna
1372,LUNA (Remix)
1373,Lump
1374,Lullaby
1375,Lucky Man
1376,Lowlife
1377,Love Will Tear Us Apart (Live)
1378,Love Will Tear Us Apart
1379,Love Spreads
1380,Love Song
1381,Love Like Winter
1382,Love Is Noise
1383,Love is for Losers
1384,Love Hurts (Single Edit)
1385,Love Her Madly
1386,Love Buzz
1387,Lounge Act
1388,Lost River
1389,Lost Pilgrim
1390,The Lost Art of Keeping a Secret
1391,Loss of Control
1392,Losing My Religion
1393,Losing a Whole Year
1394,Lord High Human Being
1395,"Look Ma, No Brains!"
1396,Longview
1397,Long Run
1398,Long Forgotten Sons
1399,A Long December
1400,Lonely Day
1401,London Calling
1402,Lola Montez
1403,Living Next Door to Alice
1404,Livin' On a Prayer
1405,Livin' In a World Without You
1406,Livin' In a World Without You
1407,Live Is Life
1408,Live Forever (Remastered)
1409,Little Lion Man
1410,Little Faith
1411,Little Dark Age
1412,Little By Little
1413,A Little Boy Named Train
1414,Lithium
1415,Lithium
1416,List of Things
1417,Lisowczycy
1418,Lis-Kula
1419,Lines of Light
1420,Like a Stone
1421,Like a Song...
1422,Lightning Crashes
1423,The Light Behind Your Eyes
1424,Lift One Up
1425,Lift Me Up
1426,Lifestyles of the Rich & Famous
1427,Life On Mars?
1428,Life of Crime
1429,Life in a Day
1430,Life During Wartime
1431,Liebe Du Schwein
1432,Lie Lie Lie
1433,Liberation
1434,"Liar, Liar"
1435,Letterbomb (Live) [Bonus Track]
1436,Letterbomb
1437,Let Yourself Go
1438,Let the Gods Decide
1439,Let The Bad Times Roll
1440,Let It Burn
1441,The Less I Know the Better
1442,Le temps de l'amour (Fox Medium)
1443,Lazy Bones
1444,Lazy Bones
1445,Lazarus
1446,Lay All Your Love On Me
1447,"Lawyers, Guns and Money (Remastered)"
1448,The Last Time
1449,Last Summer
1450,Last Ride In
1451,Last Resort
1452,Last of the American Girls
1453,Last Night On Earth
1454,Last Night I Dreamt That Somebody Loved Me
1455,Last Kiss
1456,Las Cosas Tienen Movimiento
1457,Lakini's Juice
1458,Lady in Black (2016 - Remaster)
1459,Lady Cobra
1460,La femme
1461,La Fee Verte
1462,La Diabla
1463,L'aventurier
1464,L'altra dimensione
1465,Krew Płynie Po Szablach
1466,"Knowing Me, Knowing You"
1467,Know Your Enemy (Live)
1468,Know Your Enemy
1469,Knockin' On Heaven's Door
1470,Knockin' On Heaven's Door
1471,Knights of Cydonia
1472,The KKK Took My Baby Away
1473,Kiss You to Death
1474,Kiss Me
1475,The Kiss
1476,Kings and Queens
1477,King for a Day
1478,A Kind of Magic (Live At Wembley Stadium / July 1986)
1479,Killing Loneliness
1480,Killing In the Name
1481,Killer Queen
1482,Kill Your Friends
1483,Kill the DJ
1484,Kill Or Be Killed
1485,The Kill (Bury Me)
1486,The Kids Aren't Alright (Full Mix) [The Wiseguys Remix]
1487,The Kids Aren't Alright
1488,Kesäyö
1489,KEKE
1490,Keep Yourself Alive
1491,Keep Fishin'
1492,Katyńskie Łzy
1493,Karma Police
1494,Kałasznikow
1495,Już Nie Musimy Umierać
1496,Just the Way I'm Feeling
1497,Just Like Heaven
1498,Just Can't Get Enough
1499,Just Breathe
1500,Just Another Girl
1501,Just a Day (Alan Moulder Mix)
1502,Just
1503,Junkies On a High
1504,Jumper
1505,Jump
1506,Judy Is a Punk
1507,Jolene (Destructo Remix)
1508,Joker and the Thief
1509,Join Me (Razorblade Mix)
1510,Jinx
1511,Jesus of Suburbia
1512,Jesus of Suburbia
1513,Jeremy
1514,Jenny Was a Friend of Mine
1515,Je veux
1516,Jamie All Over
1517,Jaded
1518,Jackass
1519,Jack & Diane
1520,J'en suis fou
1521,J.A.R. (Jason Andrew Relva) [Live]
1522,J.A.R. (Jason Andrew Relva)
1523,J.A.R. (Jason Andrew Relva)
1524,Itch
1525,It’s all so important now
1526,It's Time to Wake Up 2023
1527,It's Over
1528,It's Not Over
1529,It's My Life
1530,It's Been Awhile
1531,It's a Sin (2018 Remaster)
1532,It'll Never Be Me (feat. The Pretty Things)
1533,Isolation (Live)
1534,Isolation
1535,Island In the Sun
1536,Is There Anybody Out There?
1537,Is Everybody Going Crazy?
1538,Iron Man (2012 - Remaster)
1539,The Irish Rover
1540,The Irish Navy
1541,Iris
1542,"Irgendwie, irgendwo, irgendwann (Special 12"" Dance Mix)"
1543,"Irgendwie, Irgendwo, Irgendwann"
1544,Invincible
1545,International You Day
1546,Insomnia
1547,Insight (Live)
1548,Inside Out
1549,Innuendo
1550,Infrared (Live)
1551,Infected (Instrumental)
1552,Infected
1553,Infected
1554,In Your House
1555,In Too Deep
1556,In This Shirt
1557,In the Woods
1558,In the Shadows
1559,In the Name of God (Deus Vult)
1560,In the Garage
1561,In the Flesh?
1562,In the Flesh
1563,In the End
1564,In the End
1565,In the Army Now
1566,In the Air Tonight
1567,In Bloom (Nevermind Version)
1568,In Bloom
1569,In Bloom
1570,Impossible
1571,Immigrant Song
1572,Il Tempo Se Ne Va
1573,Ignorance
1574,If I Had a Tail
1575,Ich will
1576,The Ice March
1577,Ice Ice Baby
1578,I've Seen the Future
1579,I'm Singing Again (Radio Version)
1580,I'm Shipping up to Boston
1581,I'm Gonna Be (500 Miles)
1582,I'll Stick Around
1583,I will not die
1584,I Was Made for Lovin' You
1585,I Was Just a Kid
1586,I Was a Teenage Teenager
1587,I Want to Hear What You Have Got to Say
1588,I Want To Break Free
1589,I Want Out
1590,I Want It All
1591,I Wanna Rock
1592,I WANNA BE YOUR SLAVE (Mixed)
1593,I WANNA BE YOUR SLAVE
1594,I Wanna Be Your Dog
1595,I Wanna Be Your Boyfriend
1596,I Wanna Be Sedated
1597,I Wanna Be Adored (Remastered)
1598,I Think We're Alone Now
1599,I Surrender
1600,I Saw Her Standing There
1601,I Saw Her Again (Single Version)
1602,I Sat by the Ocean
1603,I Ran
1604,I Predict A Riot
1605,I Need My Girl
1606,I Love Rock 'N Roll
1607,I Like Chinese
1608,I Know It's Over
1609,I Know
1610,I Just Want to Have Something to Do
1611,I Have a Dream
1612,I Hate You
1613,I Hate Everything About You
1614,I Don’t Want To Be Here Anymore
1615,I Don't Love You
1616,I Don't Dance
1617,I Don't Care (feat. Adam Gontier)
1618,I Can't Stop Thinking About You (LA Version)
1619,I Belong to You (+Mon Coeur S'Ouvre a Ta Voix)
1620,I Am the Resurrection (Remastered)
1621,I Am the Highway
1622,I Am the Fly (2006 Remastered Version)
1623,I Am the Antichrist to You
1624,I Am Machine
1625,I Alone
1626,Hysteria
1627,Hypnotize
1628,Hurt
1629,Hurt
1630,Hurricane
1631,Hurricane
1632,Hungry Heart
1633,Human Cannonball
1634,Human
1635,How's It Going to Be
1636,How You Remind Me
1637,How You Like Me Now
1638,How to Disappear Completely
1639,"How Soon Is Now? (12"" Version)"
1640,House of Wolves
1641,The House of the Rising Sun
1642,Hotel California
1643,Horseshoes and Handgrenades
1644,Honor Legionisty
1645,Honest Goodbye
1646,Homecoming
1647,Homecoming
1648,The Holy Ground
1649,Holy Diver
1650,Hologram
1651,Holocene
1652,Hollywood Hills
1653,Holier Than Thou
1654,Holiday / Boulevard of Broken Dreams
1655,Holiday (Live)
1656,Holiday (Live)
1657,Holiday
1658,Holiday
1659,Hold the Line
1660,"Hold On, I'm Coming"
1661,Hold On
1662,Hitchin' a Ride
1663,Hit That
1664,Highway to Hell
1665,High Hopes
1666,High As a Kite
1667,High and Dry
1668,Hey You
1669,Heroes & Martyrs
1670,Hero of War
1671,Here With Me
1672,Here Is Gone
1673,Here Comes Your Man
1674,Help!
1675,Help Is On the Way
1676,Help
1677,The Hell Song (Live)
1678,The Hell Song
1679,Heaven Knows I'm Miserable Now
1680,Heartkiller
1681,Heart-Shaped Box
1682,Heart-Shaped Box
1683,Heart Full of Soul
1684,Heart and Soul
1685,Hear You Me
1686,Headphones
1687,The Headmaster Ritual
1688,Having a Blast
1689,Have You Ever Seen the Rain?
1690,Have You Ever Seen the Rain
1691,Haushinka
1692,Hate Us and See If We Mind
1693,Hate to Say I Told You So
1694,Hash Pipe
1695,Harakiri
1696,Harakiri
1697,Happy Together
1698,Happy Together
1699,Happiness
1700,The Happiest Days of Our Lives
1701,Hang'em All
1702,Handle This
1703,Hammer To Fall
1704,Gyöngyhajú lány
1705,The Guns of Brixton
1706,Guiding Light
1707,"Grozny, You Keep the Enemy"
1708,Grounds for Divorce
1709,The Grouch
1710,Green Eyes :: Siena
1711,Green Day
1712,The Great Train Robbery
1713,The Grand Delusion
1714,Grains of Wrath
1715,Graffitia
1716,Graduate
1717,Governator (Bonus Track)
1718,Gotta Get Away
1719,Goodbye To Romance
1720,Goodbye Horses
1721,Goodbye Cruel World
1722,Goodbye Blue Sky
1723,Good Riddance (Time of Your Life) [Live]
1724,Good Riddance (Time of Your Life)
1725,good 4 u
1726,Gone Away
1727,Golden Brown
1728,Going Underground
1729,Going to Pasalacqua (Live)
1730,Going to Pasalacqua
1731,God Song (Acoustic)
1732,Go With The Flow
1733,Go to the Light
1734,Go
1735,Glory Days
1736,The Globalist
1737,Glass (Live)
1738,Give Me Novacaine / She's a Rebel
1739,Give Me Novacaine
1740,Give It Away
1741,Give It All
1742,Girlfriend In a Coma
1743,Girl's Not Grey
1744,"Girl, You'll Be a Woman Soon"
1745,A Girl Like You
1746,Gimme! Gimme! Gimme! (A Man After Midnight)
1747,Gimme Shelter
1748,Ghosts (How Can I Move On)
1749,Getting Away with Murder
1750,Get Some Sleep
1751,Germs of Perfection
1752,Geek Stink Breath (Live)
1753,Geek Stink Breath
1754,Gay Porn
1755,The Gates of Babylon
1756,Galvanize
1757,Galaxy Song (feat. Stephen Hawking)
1758,Futureproof
1759,The Funeral of Hearts
1760,The Fugitive Kind
1761,F****n' in the Bushes
1762,Fuck You
1763,Fuck Authority
1764,Frunze-Ngălbenite
1765,From Yesterday
1766,Friday I'm In Love
1767,Free Bird
1768,Freaks
1769,"Frankly, Mr. Shankly"
1770,Frances Farmer Will Have Her Revenge On Seattle
1771,"The Four Seasons, Op. 8, Concerto No. 4 in F Minor, RV 297 ""Winter"": I. Allegro non molto"
1772,Fortunate Son
1773,Fortress
1774,The Forgotten
1775,Forever Young
1776,Forever Now
1777,Forever & Ever More
1778,A Forest
1779,Foreplay / Long Time
1780,For Whom the Bell Tolls (Remastered)
1781,For What It's Worth
1782,For the Kids
1783,For the Kids
1784,For Evigt (feat. Johan Olsen)
1785,Fools Gold (Remastered)
1786,Folsom Prison Blues
1787,Follow Me
1788,Floyd the Barber
1789,Flowers On the Wall
1790,Flower
1791,Flight of Icarus
1792,Fleur de lune
1793,Flags
1794,First One in the Pit
1795,First Day of My Life
1796,First Aid Kit
1797,First
1798,"Fire, Ready, Aim"
1799,Fire Your Guns
1800,Fire
1801,Finland
1802,Fine Again
1803,The Final Countdown
1804,Fillip
1805,Figure It Out
1806,Fight Forever
1807,Fields of Mars
1808,Fields of Gold
1809,Feuer frei
1810,Fernando
1811,Fell In Love With a Girl
1812,Fell for You
1813,Felicità
1814,Feelings (aka 'No Feelings')
1815,Feeling Good
1816,Feeling a Moment
1817,Fear of the Dark
1818,Father of All...
1819,Fat Lip
1820,Fat Bottomed Girls
1821,Fashion Victim
1822,A Farewell to Europe
1823,Far from Any Road
1824,Famous Last Words
1825,Falling Down
1826,Fallin' Down
1827,Fallen Leaves
1828,Fall
1829,Fake Plastic Trees
1830,Fake It
1831,Faith
1832,Fairytale Gone Bad
1833,Fading shore
1834,Fade To Black (Remastered)
1835,The Face of God
1836,F*** Time
1837,F.O.D.
1838,Eye of the Tiger
1839,Extreme Ways
1840,Extraordinary Girl / Letterbomb
1841,Extraordinary Girl
1842,Exit Music (For a Film)
1843,Ex Lion Tamer (2006 Remastered Version)
1844,Everything's Electric
1845,Everything In Its Right Place
1846,Everyday Is Like Sunday
1847,Everyday I Love You Less and Less
1848,Everybody Wants to Rule the World
1849,Everybody Wants to Rule the World
1850,Everybody Hurts
1851,"Every You, Every Me"
1852,Every Breath You Take
1853,Everlong
1854,Ever Fallen in Love (With Someone You Shouldn't've?) [1996 Remastered Version]
1855,Even Flow
1856,Euphoria
1857,The Eternal (Live) [Encore]
1858,The Eternal
1859,"Et moi, et moi, et moi"
1860,Epiphany
1861,Epic
1862,Entrance Song
1863,Enter Sandman
1864,Enjoy the Silence
1865,Englishman In New York
1866,Engel
1867,Enemies
1868,"Endless, Nameless"
1869,The End.
1870,The End of the Game
1871,End of Beginning
1872,An End Has a Start
1873,Empty Walls
1874,Empty Spaces
1875,Emotion Sickness
1876,Emmenez moi
1877,Emilia Plater
1878,Emergency
1879,Emenius Sleepus
1880,Emancipation of the Mind
1881,Electroenergy
1882,Eleanor Rigby
1883,Elasticity
1884,El Scorcho
1885,Eighties (2007 Digital Remaster)
1886,Easy
1887,East Jesus Nowhere (Live)
1888,East Jesus Nowhere
1889,Eartha Kitt
1890,Dywizjon 303
1891,Dynamite Days
1892,Dusted
1893,Dust In the Wind
1894,Dumb Reminders
1895,Dumb
1896,Dumb
1897,Du hast
1898,Drunken Lullabies
1899,The Drugs Don't Work
1900,Drowning Man
1901,"Drop Dead, Casanova"
1902,"Drop Dead, Casanova"
1903,Drones
1904,Dreams
1905,Dream On
1906,Drama Queen
1907,Drain You
1908,Downer
1909,Down Under
1910,Down In a Hole
1911,Dope Nose
1912,Doornails
1913,Don't You (Forget About Me)
1914,Don't Stop Me Now
1915,Don't Look Back in Anger (Remastered)
1916,Don't Look Around
1917,Don't Let Go
1918,Don't Leave Me Now
1919,Dominated Love Slave
1920,The Dolphin's Cry
1921,Doin' Time
1922,Does Your Mother Know
1923,Do You Remember Rock 'N' Roll Radio?
1924,Do You Love Me Yet?
1925,Do I Wanna Know?
1926,Disparity By Design
1927,Disorder
1928,Disenchanted
1929,Disarm
1930,Dis-Moi
1931,Dirty Rotten Bastards
1932,Dirty Old Town
1933,Dirty Little Secret
1934,The Dirt Whispered
1935,Digital (Live) [Encore]
1936,Digital
1937,"Die, Die My Darling"
1938,Diary of a Madman
1939,Diamond On a Landmine
1940,Diamond In The Dark
1941,Devil's Dance Floor
1942,The Devil's Bleeding Crown
1943,Devil On My Shoulder
1944,The Devil In I
1945,Devil In a Midnight Mass
1946,Deutschland
1947,Destiny and Demise
1948,Destiny and Demise
1949,Desert Rose
1950,Demons Are a Girl's Best Friend
1951,Delta Rice
1952,Deja Vu (Initial D)
1953,Defy You
1954,Dedicated To the One I Love
1955,Deceptacon
1956,December (Again) [feat. Mark Hoppus]
1957,Decades
1958,Dearly Beloved (Acoustic)
1959,Dearly Beloved
1960,Deadbeat Holiday
1961,Dead!
1962,Dead Souls (Live)
1963,Dead Inside
1964,The Dead Heart
1965,The Dead Can't Testify
1966,The Day That the Earth Stalled
1967,Day After Day
1968,Daughter (Remastered)
1969,Das Boot
1970,Darlin'
1971,The Dark Side
1972,Dark Abyss
1973,Danse des mirlitons
1974,Dani California
1975,Danger Zone
1976,Dancing Queen
1977,Dancing In the Dark
1978,Dance Of The Clairvoyants
1979,Da Vinci
1980,Da sein
1981,The Cyber Grind
1982,Cyanide
1983,Cure for the Enemy
1984,Cumberland Gap
1985,Cult Hero
1986,CRY
1987,Crushcrushcrush
1988,Cretin Hop
1989,Creepers
1990,Creepers
1991,Creep
1992,Crazy On You
1993,Crazy Little Thing Called Love
1994,Crazy
1995,Crashland
1996,CORALINE
1997,Cool Kids
1998,Conquest of Paradise
1999,Confession
2000,Complicated
2001,Compliance
2002,Commando
2003,Coming Clean
2004,Comin' Home
2005,Comfortably Numb 2022
2006,Comfortably Numb (Live June 2000)
2007,Comfortably Numb
2008,Come Together
2009,Come Out and Play (Keep 'Em Separated)
2010,Come Back To Me
2011,Come Away with Me
2012,Come As You Are
2013,Come As You Are
2014,Colony (Live)
2015,Colony
2016,Collapse (Post-Amerika)
2017,Coffee & TV
2018,Coconut
2019,Clubbed To Death (Kurayamino Variation)
2020,"Clubbed to Death (From ""The Matirx"")"
2021,City Pavement
2022,City of Delusion
2023,City Haunts
2024,Cigarettes and Valentines (Live)
2025,Cigarettes & Alcohol
2026,Church On Sunday
2027,Chump
2028,Chronophobia (Acoustic)
2029,Christmas Kids
2030,Christie Road (Live) [Bonus Track]
2031,Christie Road
2032,Christian's Inferno
2033,Chop Suey!
2034,Chlorine
2035,Chiquitita
2036,Chippin' In (feat. Refused)
2037,Chinese Sword
2038,Chinese Bombs (2012 Remaster)
2039,Cherub Rock
2040,Chemical Wedding
2041,Chelsea Dagger
2042,Chechen Special Forces
2043,Chateau
2044,Chasing a Ghost
2045,Charmless Man
2046,Champagne Supernova (Remastered)
2047,The Chain
2048,Ceremony
2049,Cedynia 972
2050,Ce soir je m'en vais
2051,Ce soir
2052,Cave
2053,The Cave
2054,Cats in the Cradle
2055,Castaway
2056,Carpe Diem
2057,Carnavoyeur
2058,Careless Whisper
2059,Careless
2060,Cara al Sol
2061,The Captain
2062,Capital M-E
2063,Cancer
2064,Can't Stop
2065,Can't Repeat
2066,Can't Pretend
2067,Can't Knock the Hustle
2068,Can't Get Enough of Your Love
2069,Can't Deny Me
2070,Californication
2071,California Über Alles
2072,California Kids
2073,California Dreamin' (Single)
2074,Ça Plane Pour Moi
2075,Ca Plane Pour Moi
2076,C'et la mode
2077,Butterflies and Hurricanes
2078,Burnout (Live)
2079,Burnout
2080,Burn Me Up
2081,Burn
2082,Bullet with Butterfly Wings
2083,Buddy Holly
2084,Buddy Holly
2085,Buck Rogers
2086,Bubbles
2087,Brutus (Instrumental)
2088,Brutus
2089,Brutal Love
2090,Broken Machine
2091,Broken (iTunes Originals Version)
2092,Broadcasting to the Nations
2093,Broadcasting to the Nations
2094,Bro Hymn (2005 Remaster)
2095,Bring the Boys Back Home
2096,Brick in the Wave
2097,Brick in the Wave
2098,Breed
2099,Breaking the Law
2100,Breakdown
2101,Break Stuff
2102,Break On Through (To the Other Side)
2103,Brat
2104,Brain Stew
2105,Boys Don't Cry
2106,Bouncing Off the Wall
2107,Boulevard of Broken Dreams
2108,Born to Run
2109,Born to Beg
2110,Born to Be a Dancer
2111,Born In the U.S.A.
2112,Boom Clap
2113,Book of Brilliant Things (2002 Remastered)
2114,Bones
2115,Bohemian Rhapsody
2116,Body Bag
2117,Blue Monday '88
2118,Blue Monday
2119,Bloody Horizon
2120,"Blood, Sex and Booze"
2121,Blood Looks Cool
2122,Blood (Hidden Track)
2123,Block Rockin' Beats
2124,Blitzkrieg Bop
2125,Bliss
2126,Blinding Lights
2127,Blew
2128,Bleed American
2129,Black Widow Blues
2130,Black Sabbath
2131,Black Honey
2132,Black Hole Sun
2133,Black Euro
2134,Black Chandelier
2135,Black Balloon
2136,Black
2137,Bizarre Love Triangle '94
2138,Bitter Sweet Symphony
2139,The Bitter End
2140,Billie Jean
2141,Bigmouth Strikes Again
2142,Bigger Than Us
2143,Big Yellow Taxi (feat. Vanessa Carlton)
2144,Big Machine
2145,Big In Japan
2146,Big Cheese
2147,Big Bang
2148,Big Bad World
2149,Biessensoŭnasć
2150,Beverly Hills
2151,Between The Bars (Remastered 2017)
2152,Between Angels And Insects
2153,Better Man
2154,Better Living Through Chemistry
2155,Best Thing in Town
2156,Best of You
2157,The Bends
2158,Behind Blue Eyes
2159,Beggin'
2160,Beggar
2161,Before You Die
2162,Before the Lobotomy
2163,Beetlebum (2012 Remaster)
2164,Been a Son (Blew EP Version)
2165,Beautiful Day
2166,Beat On the Brat
2167,Be Yourself
2168,Be the One
2169,Be Quiet and Drive (Far Away) [Acoustic]
2170,Be Quiet and Drive (Far Away)
2171,Be My Baby
2172,Be Mine
2173,Bayside
2174,Bayside
2175,Bay of Biscay
2176,Basket Case
2177,Barracuda
2178,Barra Barra
2179,Bark at the Moon
2180,Bang Bang Bang Bang
2181,Bang Bang
2182,Badfish
2183,Bad to the Bone
2184,Bad Luck Charm
2185,Bad Liar
2186,bad guy
2187,Back To the Shack
2188,Back In the U.S.S.R.
2189,Back In Black
2190,"Baby, I Love You"
2191,BABY SAID
2192,Baby Eyes
2193,Baby Blue
2194,Bab's Uvula Who?
2195,B.Y.O.B.
2196,Auto Rock
2197,Authority Zero
2198,Ausländer
2199,August
2200,Atrocity Exhibition
2201,Atomic
2202,Atmosphere
2203,At the Library
2204,At 1 AM
2205,Assassin
2206,Asleep
2207,Asleep
2208,Ashley
2209,Ashes to Ashes (2016 Remastered Version)
2210,The Artist in the Ambulance
2211,Arsonists Vs. Firemen
2212,Army of the Night
2213,Armatage Shanks
2214,Armageddon
2215,Are We the Waiting / St. Jimmy
2216,Are We the Waiting
2217,Architects
2218,Apartment Story
2219,The Anthem
2220,Another State of Mind (Bonus Track)
2221,Another One Bites the Dust
2222,Another Love Song
2223,Another Life
2224,Another Day
2225,"Another Brick In the Wall, Pt. 3"
2226,"Another Brick In the Wall, Pt. 2"
2227,"Another Brick In the Wall, Pt. 1"
2228,Animals
2229,The Animal Trainer and the Toad
2230,Animal I Have Become
2231,Animal (Remastered)
2232,Angel of the Morning
2233,Angel Blue
2234,Angel
2235,Android
2236,"Anarchy In the U.K. (Denmark Street Demo, July 1976)"
2237,Amy
2238,Amsterdam
2239,Amour plastique
2240,"Amish Paradise (Parody of ""Gangsta's Paradise"" by Coolio)"
2241,Amerika (Live)
2242,Amerika
2243,American Skin (41 Shots)
2244,American Pie (Full Length Version)
2245,American Jesus (Andy Wallace Mix)
2246,American Jesus
2247,American Idiot (Live)
2248,American Idiot
2249,American Idiot
2250,"American Eulogy: A. Mass Hysteria, B. Modern World"
2251,American Dreams
2252,The American Dream Is Killing Me
2253,American Attraction
2254,Amanda
2255,Amanda
2256,Always Leaving
2257,Aluminum Union
2258,Alright (2015 - Remaster)
2259,Alone Again (Naturally)
2260,All These Things That I've Done
2261,All the Time
2262,All the Right Friends
2263,All the Pretty Flowers
2264,all the good girls go to hell
2265,All I Want
2266,All By Myself
2267,All Apologies (Live Acoustic)
2268,All Apologies
2269,All Along the Watchtower
2270,Alive
2271,Aline
2272,Ain't That Enough
2273,Against the Grain
2274,Aftermath
2275,After Dark
2276,Afro Left (Remastered)
2277,Afro Left
2278,Afrika Shox
2279,Africa
2280,Africa
2281,Afraid of Heights
2282,Afar
2283,Adam's Atoms (Acoustic)
2284,Across the Sea
2285,Across 110th Street
2286,Acharuli Gandagana (Trap Remix Edit)
2287,About a Girl (Live Acoustic)
2288,About a Girl
2289,About a Girl
